{
  "project_info": {
    "project_number": "678725654070",
    "firebase_url": "https://ads-platform-8c7cf.firebaseio.com",
    "project_id": "ads-platform-8c7cf",
    "storage_bucket": "ads-platform-8c7cf.appspot.com"
  },
  "client": [
    {
      "client_info": {
        "mobilesdk_app_id": "1:678725654070:android:9cf5d25e1e776e57796a97",
        "android_client_info": {
          "package_name": "com.imandev.tangazaads"
        }
      },
      "oauth_client": [
        {
          "client_id": "678725654070-4ghvh643g6vjmmuhjrfe1ut6t43s901r.apps.googleusercontent.com",
          "client_type": 1,
          "android_info": {
            "package_name": "com.imandev.tangazaads",
            "certificate_hash": "0de4463768b93928d1a19bb35853766c74b24a83"
          }
        },
        {
          "client_id": "678725654070-3oou99cj4o5q13gik1chqt3i0vsn8msk.apps.googleusercontent.com",
          "client_type": 3
        }
      ],
      "api_key": [
        {
          "current_key": "AIzaSyB6r_FwK0_0cvfs-tmO6XuKnROkcrN9Z1A"
        }
      ],
      "services": {
        "appinvite_service": {
          "other_platform_oauth_client": [
            {
              "client_id": "678725654070-3oou99cj4o5q13gik1chqt3i0vsn8msk.apps.googleusercontent.com",
              "client_type": 3
            }
          ]
        }
      }
    }
  ],
  "configuration_version": "1"
}